company_name,website,company_url
Nadcab Labs,https://linktr.ee/nadcablabs,https://www.linkedin.com/company/14385282
Rise,https://www.riseworks.io/,https://www.linkedin.com/company/20563341
Tatum,https://tatum.io/,https://www.linkedin.com/company/29015043
Cryptio,http://cryptio.co/,https://www.linkedin.com/company/11423070
Pagoda,http://www.pagoda.co/,https://www.linkedin.com/company/18778993
Quicknode,https://www.quicknode.com/,https://www.linkedin.com/company/35476643
Notabene,https://notabene.id/,https://www.linkedin.com/company/43297135
Flipside,,https://www.linkedin.com/company/11273899
Inveniam,https://inveniam.io/,https://www.linkedin.com/company/11098248
Sherlock,https://www.sherlock.xyz/,https://www.linkedin.com/company/74304400
IoTeX,,https://www.linkedin.com/company/13617896
Mask Network,https://mask.io/,https://www.linkedin.com/company/13747869
Protofire,http://protofire.io/,https://www.linkedin.com/company/25013148
SIGMA,https://www.sigmafi.io/,https://www.linkedin.com/company/53454516
Mojito,https://getmojito.com/,https://www.linkedin.com/company/80334740
Bitcoin,,https://www.linkedin.com/company/12900709
HLV,https://www.hlv.xyz/,https://www.linkedin.com/company/89831329
FISH & CHiPS,https://fishandchips.community/,https://www.linkedin.com/company/104978081
Block Office,https://blockoffice.co/,https://www.linkedin.com/company/18750514
SAM Coin,http://analytics.qntdata.com/,https://www.linkedin.com/company/69145068
Nash (Acquired by Chainalysis),https://nash.run/,https://www.linkedin.com/company/81971581
Adot,,https://www.linkedin.com/company/90487214
Incyt,https://incyt.xyz/,https://www.linkedin.com/company/93086689
IPCO,http://ipcoltd.com/,https://www.linkedin.com/company/7118459
