name,title,location,company,profile_url
Bernd Schopp,Member Board Of Directors ServiceOcean AG,"Sankt Gallen, St Gallen, Switzerland",4 years 9 months in role 4 years 9 months in company,"https://www.linkedin.com/sales/lead/ACwAAAvXS7IBQOmqhj_SZwPTea66i6NzKKNyVzk,NAME_SEARCH,1KDf?_ntb=7OlO5pk2SImcwK3iTGMhgQ%3D%3D"
Thomas Addison,CEO & Co-Founder ServiceOcean AG,United States,12 years 9 months in role 12 years 9 months in company,"https://www.linkedin.com/sales/lead/ACwAABJS3GABOBVkQlifWc3u95gabKKgpFX3YAI,NAME_SEARCH,GRYR?_ntb=7OlO5pk2SImcwK3iTGMhgQ%3D%3D"
Sandro Ruch,CTO / Head of Product & Infrastructure ServiceOcean AG,"Winterthur, Zurich, Switzerland",4 years 7 months in role 4 years 7 months in company,"https://www.linkedin.com/sales/lead/ACwAAAeaJcoBYL2eO0P9LJ-zEGEeaPmF6UFVObE,NAME_SEARCH,q4AT?_ntb=7OlO5pk2SImcwK3iTGMhgQ%3D%3D"
Pia Unke,Head of Marketing ServiceOcean AG,"Cologne, North Rhine-Westphalia, Germany",3 years 3 months in role 6 years 2 months in company,"https://www.linkedin.com/sales/lead/ACwAACn94oABMhptqbzTtisKireDmDen2qE4OTw,NAME_SEARCH,xbso?_ntb=7OlO5pk2SImcwK3iTGMhgQ%3D%3D"
David Reichel,Senior Marketing Manager ServiceOcean AG,"Hamburg, Hamburg, Germany",3 years 3 months in role 3 years 3 months in company,"https://www.linkedin.com/sales/lead/ACwAADWS4l4BmAE8Z-iSeZoDqRoI6AjLwCIIHO0,NAME_SEARCH,JQ1x?_ntb=7OlO5pk2SImcwK3iTGMhgQ%3D%3D"
Jana Skerswetat,Expertin für die Automation von Kunden Service Centern ServiceOcean AG,"Zurich, Zurich, Switzerland",3 years 10 months in role 3 years 10 months in company,"https://www.linkedin.com/sales/lead/ACwAAAFKBFYBpvEWc9IlvOWjkd4LV4sgZsHQsjc,NAME_SEARCH,Q7qk?_ntb=7OlO5pk2SImcwK3iTGMhgQ%3D%3D"
Alexander Schagen,Founder & Evangelist ServiceOcean AG,"Cologne, North Rhine-Westphalia, Germany",12 years 9 months in role 12 years 9 months in company,"https://www.linkedin.com/sales/lead/ACwAAA7wVQkBY994kt2A61v-fL8r-AoZrknTICw,NAME_SEARCH,lhf4?_ntb=7OlO5pk2SImcwK3iTGMhgQ%3D%3D"
Frederika Walter,Strategy Manager ServiceOcean AG,"St Gallen, Switzerland",3 years 3 months in role 3 years 3 months in company,"https://www.linkedin.com/sales/lead/ACwAACeAiLsBTHYfZindS7A_hicBVtRKEjMSJuY,NAME_SEARCH,_CpQ?_ntb=7OlO5pk2SImcwK3iTGMhgQ%3D%3D"
Luk Grätz,Sales Development Representative ServiceOcean AG,"Grafengehaig, Bavaria, Germany",2 years 5 months in role 3 years 7 months in company,"https://www.linkedin.com/sales/lead/ACwAAD3cMDwBvl96K6xp9F-AYmcuKANvMLnvFSE,NAME_SEARCH,VkjH?_ntb=7OlO5pk2SImcwK3iTGMhgQ%3D%3D"
Svenja Raschka,Head of Sales ServiceOcean AG,"Cologne, North Rhine-Westphalia, Germany",2 years 4 months in role 2 years 4 months in company,"https://www.linkedin.com/sales/lead/ACwAACBvwScBuHFR4a2ECIiJOdlUn6FEydxxNZw,NAME_SEARCH,IIUv?_ntb=7OlO5pk2SImcwK3iTGMhgQ%3D%3D"
Holger Heinen,Member Of The Advisory Board ServiceOcean AG,"Bonn, North Rhine-Westphalia, Germany",6 years 6 months in role 7 years 8 months in company,"https://www.linkedin.com/sales/lead/ACwAAAL_F10BAN5Nfi9gdoMKXIgjptRvL8wVg6I,NAME_SEARCH,MDyD?_ntb=7OlO5pk2SImcwK3iTGMhgQ%3D%3D"
Yasmin R.,Sales Development Representative ServiceOcean AG,"Coblenz, Rhineland-Palatinate, Germany",3 years  in role 3 years  in company,"https://www.linkedin.com/sales/lead/ACwAADe080IBnP0EqbzHulYwdfusgC0-h_fbhls,NAME_SEARCH,r-Y-?_ntb=7OlO5pk2SImcwK3iTGMhgQ%3D%3D"
Basil Schneider,Produktmanager Agentic AI ServiceOcean AG,"St Gallen, St Gallen, Switzerland",6 months in role 4 years 1 month in company,"https://www.linkedin.com/sales/lead/ACwAACZcRt0BraaSVJzkAaCIz6k3NvuJN0F2CWk,NAME_SEARCH,ZKGn?_ntb=7OlO5pk2SImcwK3iTGMhgQ%3D%3D"
Max Christian Spillmann,Head of Sales Switzerland & Benelux ServiceOcean AG,"Freienbach, Schwyz, Switzerland",2 years 5 months in role 3 years 7 months in company,"https://www.linkedin.com/sales/lead/ACwAACQLaVUBZi8t72CQ2xUY20nCAleXRAlosz8,NAME_SEARCH,MBYk?_ntb=7OlO5pk2SImcwK3iTGMhgQ%3D%3D"
Lisa Marie Schütt,Marketing Managerin ServiceOcean AG,"Hamburg, Hamburg, Germany",4 years 6 months in role 5 years 4 months in company,"https://www.linkedin.com/sales/lead/ACwAADL_jRwBfWTbDEMnUTyVKr_I0F6z6gQ6JLU,NAME_SEARCH,MVvA?_ntb=7OlO5pk2SImcwK3iTGMhgQ%3D%3D"
Nils-Patrick Quentin,Marketing Manager ServiceOcean AG,"Hannover, Lower Saxony, Germany",2 years 1 month in role 2 years 1 month in company,"https://www.linkedin.com/sales/lead/ACwAACjah5EBSooOaqb6kDVKNPQbvCvx-3boEYg,NAME_SEARCH,PcvS?_ntb=7OlO5pk2SImcwK3iTGMhgQ%3D%3D"
Yannick Callegari,Sales Manager ServiceOcean AG,"Cologne, North Rhine-Westphalia, Germany",1 month in role 3 years  in company,"https://www.linkedin.com/sales/lead/ACwAADVCbAIBeeWcUytjsU-kkYGXQ2IBIZp7fj0,NAME_SEARCH,CivH?_ntb=7OlO5pk2SImcwK3iTGMhgQ%3D%3D"
Sven Sester,Account Executive ServiceOcean AG,"Cologne, North Rhine-Westphalia, Germany",2 years 9 months in role 2 years 9 months in company,"https://www.linkedin.com/sales/lead/ACwAAAi7zrsBtyDCY2SNrs28GBP7gHZGN4vtCFw,NAME_SEARCH,hP4R?_ntb=7OlO5pk2SImcwK3iTGMhgQ%3D%3D"
Roland Schönholzer,Advisor ServiceOcean AG,"Zurich, Switzerland",6 months in role 6 months in company,"https://www.linkedin.com/sales/lead/ACwAABCjWbMBLsw7AlB3SUVMSw2DP0CvzL_1Fgg,NAME_SEARCH,Vqfo?_ntb=7OlO5pk2SImcwK3iTGMhgQ%3D%3D"
Dominique Sellin,Persönliche Assistentin des CEO ServiceOcean AG,Switzerland,1 month in role 1 year 2 months in company,"https://www.linkedin.com/sales/lead/ACwAAENWmAQBIA1wPxNGCZwbMImzaWCO2KCQoS8,NAME_SEARCH,PQrX?_ntb=7OlO5pk2SImcwK3iTGMhgQ%3D%3D"
Max Schönbrodt,Customer Success & Growth Manager ServiceOcean AG,"Cologne, North Rhine-Westphalia, Germany",2 months in role 2 months in company,"https://www.linkedin.com/sales/lead/ACwAAF6XSXUBnJNqdx7fLvRgjkWWvvTxBOAze0E,OUT_OF_NETWORK,p_Y6?_ntb=7OlO5pk2SImcwK3iTGMhgQ%3D%3D"
Thorsten Nießen,"Head of Accountmanagement, Customer Success Management and Projectmanagement ServiceOcean AG","Düren, North Rhine-Westphalia, Germany",2 years 3 months in role 7 years 1 month in company,"https://www.linkedin.com/sales/lead/ACwAAB7WypsBufklVsXTDUGJWzRK3-0K7PUwAh4,NAME_SEARCH,nRIl?_ntb=7OlO5pk2SImcwK3iTGMhgQ%3D%3D"
Nils Knöfler,Account Executive ServiceOcean AG,Greater Dusseldorf Area,2 years 6 months in role 2 years 6 months in company,"https://www.linkedin.com/sales/lead/ACwAAC3CdgABp-seiROolAB193QZobW95F1LvAA,NAME_SEARCH,rfQk?_ntb=7OlO5pk2SImcwK3iTGMhgQ%3D%3D"
Vinzenz Bruckert,Customer Success & Growth Manager ServiceOcean AG,Basel Metropolitan Area,1 year 4 months in role 1 year 4 months in company,"https://www.linkedin.com/sales/lead/ACwAAB_lXD0B-Bwk4ROvr0Z0If3Noo8KFCsQ4NA,NAME_SEARCH,PGaK?_ntb=7OlO5pk2SImcwK3iTGMhgQ%3D%3D"
Ciprian Boiciuc,UX / UI Designer ServiceOcean AG,"Bebra, Hesse, Germany",2 years 5 months in role 2 years 5 months in company,"https://www.linkedin.com/sales/lead/ACwAAA1tPGMBZnDVpQd89Ajh7o78yzrXOF7NQHA,NAME_SEARCH,INN_?_ntb=7OlO5pk2SImcwK3iTGMhgQ%3D%3D"
Luca Leanza,Customer Success & Growth Manager ServiceOcean AG,"St Gallen, Switzerland",9 months in role 2 years 9 months in company,"https://www.linkedin.com/sales/lead/ACwAACNIRQUBugMuaVs8Je2MurQ_vbhMKVKMV9U,NAME_SEARCH,l8bg?_ntb=7OlO5pk2SImcwK3iTGMhgQ%3D%3D"
Patrick Heinicke,Head of Sales ServiceOcean AG,"Cologne, North Rhine-Westphalia, Germany",7 months in role 4 years 7 months in company,"https://www.linkedin.com/sales/lead/ACwAADew4nwBqxSRejZhc9SbPg7UM2B-SivJ4UI,NAME_SEARCH,bGse?_ntb=7OlO5pk2SImcwK3iTGMhgQ%3D%3D"
Sebastian Flick,HR Manager ServiceOcean AG,"Cologne, North Rhine-Westphalia, Germany",4 years 3 months in role 4 years 3 months in company,"https://www.linkedin.com/sales/lead/ACwAABfjiHwB_r25sxCNBhSN268nVT-FF0JGLQg,NAME_SEARCH,5JuE?_ntb=7OlO5pk2SImcwK3iTGMhgQ%3D%3D"
Felix Rüdlinger,Technischer Produktmanager ServiceOcean AG,"St Gallen, St Gallen, Switzerland",3 years 3 months in role 5 years  in company,"https://www.linkedin.com/sales/lead/ACwAACykg_gB9wsabe5gVqQxM4r0V3GGUMs6BB4,OUT_OF_NETWORK,aDDR?_ntb=7OlO5pk2SImcwK3iTGMhgQ%3D%3D"
Vincent Chan,Senior Software Engineer ServiceOcean AG,"Sankt Gallen, St Gallen, Switzerland",8 months in role 3 years 7 months in company,"https://www.linkedin.com/sales/lead/ACwAADrT0rMBwcHsIH3bX9FmTqwTurerqf-FwtI,NAME_SEARCH,Bjor?_ntb=7OlO5pk2SImcwK3iTGMhgQ%3D%3D"
Daria Hof,Sales Managerin ServiceOcean AG,"Sankt Gallen, St Gallen, Switzerland",3 years  in role 3 years  in company,"https://www.linkedin.com/sales/lead/ACwAAEMbLJwBFJi9aQxjut2KMTchfnlqwPf1XBg,NAME_SEARCH,nPaf?_ntb=7OlO5pk2SImcwK3iTGMhgQ%3D%3D"
David Hauri,Softwareingenieur ServiceOcean AG,Zürich Metropolitan Area,1 year 8 months in role 1 year 8 months in company,"https://www.linkedin.com/sales/lead/ACwAAC7qTgEBRLc-z89FOw-BGqnGmsLtguujxVY,OUT_OF_NETWORK,4tAm?_ntb=7OlO5pk2SImcwK3iTGMhgQ%3D%3D"
Monika Priem,Customer Success and Growth Manager ServiceOcean AG,"Cologne, North Rhine-Westphalia, Germany",1 year 6 months in role 5 years  in company,"https://www.linkedin.com/sales/lead/ACwAACab5a4BoAJnTkGNQs72y1PP2tznwSvYtLw,NAME_SEARCH,TAoa?_ntb=7OlO5pk2SImcwK3iTGMhgQ%3D%3D"
Joram K.,Jr. Software Engineer ServiceOcean AG,"St Gallen, St Gallen, Switzerland",9 months in role 1 year 2 months in company,"https://www.linkedin.com/sales/lead/ACwAACn8N0UBubHkkCDJ_5_jTpOua1VmorneMIk,OUT_OF_NETWORK,QH4F?_ntb=7OlO5pk2SImcwK3iTGMhgQ%3D%3D"
Catherine T.,Backend Developer ServiceOcean AG,"Zug, Zug, Switzerland",3 months in role 3 months in company,"https://www.linkedin.com/sales/lead/ACwAABxDV9ABa-K9mpmKkyojjxmjuJxz9F6Ycg8,NAME_SEARCH,YS_B?_ntb=7OlO5pk2SImcwK3iTGMhgQ%3D%3D"
Oleksandra Karaptan,Software Developer ServiceOcean AG,"Gronau, North Rhine-Westphalia, Germany",3 years 2 months in role 3 years 2 months in company,"https://www.linkedin.com/sales/lead/ACwAACosxycBWzbfeuKxvz9krKujmEk4UOdUk7I,OUT_OF_NETWORK,Qs77?_ntb=7OlO5pk2SImcwK3iTGMhgQ%3D%3D"
Esra Tapar,Werkstudentin HR ServiceOcean AG,"Cologne, North Rhine-Westphalia, Germany",3 years 5 months in role 3 years 5 months in company,"https://www.linkedin.com/sales/lead/ACwAAGFg5WoBDuvdnxjfVO3YfmkTCmUF5swE5qg,NAME_SEARCH,G230?_ntb=7OlO5pk2SImcwK3iTGMhgQ%3D%3D"
Katharina Glowienka,HR Werkstudentin ServiceOcean AG,"Nijmegen, Gelderland, Netherlands",2 months in role 2 months in company,"https://www.linkedin.com/sales/lead/ACwAAE8ZvPYBc6zovHz6UYKHZ0wPLbkTw82rsrw,OUT_OF_NETWORK,nprN?_ntb=7OlO5pk2SImcwK3iTGMhgQ%3D%3D"
Venera Aitkul,Frontend Developer ServiceOcean AG,"St Gallen, St Gallen, Switzerland",1 year 8 months in role 1 year 8 months in company,"https://www.linkedin.com/sales/lead/ACwAAB34vmoBAMC0VpvjxNMvvp60a3mMZjfcU_o,NAME_SEARCH,hePj?_ntb=7OlO5pk2SImcwK3iTGMhgQ%3D%3D"
Rupam Kumari,Data Scientist ServiceOcean AG,"Saarbrücken, Saarland, Germany",3 years 11 months in role 4 years 4 months in company,"https://www.linkedin.com/sales/lead/ACwAADVcSqkBvUambERyUF0E7N79XvFz5xhUNzc,NAME_SEARCH,dGhT?_ntb=7OlO5pk2SImcwK3iTGMhgQ%3D%3D"
Ruben Allenspach,Full Stack Engineer ServiceOcean AG,"St Gallen, Switzerland",5 years 8 months in role 5 years 8 months in company,"https://www.linkedin.com/sales/lead/ACwAAEg8hsIBip7IhJH0R7Jj0Jh3W-IGgA3Kpgc,OUT_OF_NETWORK,CbIp?_ntb=7OlO5pk2SImcwK3iTGMhgQ%3D%3D"
Christian Studer,Customer Success Manager ServiceOcean AG,"St Gallen, Switzerland",in role in company,"https://www.linkedin.com/sales/lead/ACwAACkZHg8Bimy9La3yxDutJK5RhTHnnY9fKkQ,OUT_OF_NETWORK,pTOk?_ntb=7OlO5pk2SImcwK3iTGMhgQ%3D%3D"
Chris Grünewald,Full Stack Developer ServiceOcean AG,"Cologne, North Rhine-Westphalia, Germany",4 years 6 months in role 4 years 6 months in company,"https://www.linkedin.com/sales/lead/ACwAADaVSSYB586RYVvJ2oKpZOhwV2O4GHDcuYA,OUT_OF_NETWORK,hq7r?_ntb=7OlO5pk2SImcwK3iTGMhgQ%3D%3D"
Verena Steingans,"Finanzmanagerin, Informationssicherheitsbeauftragte, Datenschutzmanagerin ServiceOcean AG","Cologne, North Rhine-Westphalia, Germany",in role in company,"https://www.linkedin.com/sales/lead/ACwAAFc53kABBZ-pzcJjzcN64RR434mnLZksILI,OUT_OF_NETWORK,RvZQ?_ntb=7OlO5pk2SImcwK3iTGMhgQ%3D%3D"
Peter Pichler,Softwareingenieur ServiceOcean AG,"Sankt Gallen, St Gallen, Switzerland",in role in company,"https://www.linkedin.com/sales/lead/ACwAAEVHNlMBgEqwHVqr4Ph_wgUiJKb1fJUIebo,OUT_OF_NETWORK,ChSe?_ntb=7OlO5pk2SImcwK3iTGMhgQ%3D%3D"
