company_name,company_url,industry,employee_count
Hyqoo,https://www.linkedin.com/sales/company/35514420,IT Services and IT Consulting,164
Flexton Inc.,https://www.linkedin.com/sales/company/2012779,IT Services and IT Consulting,139
IntePros,https://www.linkedin.com/sales/company/23997,IT Services and IT Consulting,128
Conexess Group,https://www.linkedin.com/sales/company/746297,IT Services and IT Consulting,139
CareerUS Solutions,https://www.linkedin.com/sales/company/88043549,IT Services and IT Consulting,182
Themesoft Inc.,https://www.linkedin.com/sales/company/1056670,IT Services and IT Consulting,135
Seneca Resources,https://www.linkedin.com/sales/company/1394857,IT Services and IT Consulting,190
LetsDefend,https://www.linkedin.com/sales/company/71376346,Computer and Network Security,164
Steneral Consulting,https://www.linkedin.com/sales/company/81606529,IT Services and IT Consulting,82
eJAmerica,https://www.linkedin.com/sales/company/10789157,IT Services and IT Consulting,162
Agility Partners,https://www.linkedin.com/sales/company/16167895,IT Services and IT Consulting,123
Bayforce,https://www.linkedin.com/sales/company/72593,IT Services and IT Consulting,94
"Stellar Consulting Solutions, LLC",https://www.linkedin.com/sales/company/10309372,IT Services and IT Consulting,113
"ACS Consultancy Services, Inc",https://www.linkedin.com/sales/company/71405910,IT Services and IT Consulting,142
Tier4 Group,https://www.linkedin.com/sales/company/3603143,IT Services and IT Consulting,89
Rexus Group,https://www.linkedin.com/sales/company/15155405,IT Services and IT Consulting,108
PRI Global,https://www.linkedin.com/sales/company/417618,IT Services and IT Consulting,147
BeaconFire Inc.,https://www.linkedin.com/sales/company/69639337,IT Services and IT Consulting,152
GeorgiaTEK Systems Inc.,https://www.linkedin.com/sales/company/79410056,Information Technology & Services,51
AIMLEAP,https://www.linkedin.com/sales/company/2790423,IT Services and IT Consulting,144
TekStream Solutions,https://www.linkedin.com/sales/company/1861293,IT Services and IT Consulting,185
Stier Solutions Inc,https://www.linkedin.com/sales/company/70292136,Information Technology & Services,122
Rx Technology,https://www.linkedin.com/sales/company/415253,IT Services and IT Consulting,149
Curate Partners,https://www.linkedin.com/sales/company/5310955,IT Services and IT Consulting,80
"Trilyon, Inc.",https://www.linkedin.com/sales/company/2001226,IT Services and IT Consulting,91
PriceSenz,https://www.linkedin.com/sales/company/9328925,IT Services and IT Consulting,58
"Gravity Infosolutions, Inc.",https://www.linkedin.com/sales/company/13229095,IT Services and IT Consulting,81
RELQ TECHNOLOGIES,https://www.linkedin.com/sales/company/88961267,IT Services and IT Consulting,60
Sigmaways Inc,https://www.linkedin.com/sales/company/203731,IT Services and IT Consulting,79
OP,https://www.linkedin.com/sales/company/2708565,IT Services and IT Consulting,193
Vista Applied Solutions Group Inc,https://www.linkedin.com/sales/company/566698,IT Services and IT Consulting,127
VeeAR Projects Inc.,https://www.linkedin.com/sales/company/1313100,IT Services and IT Consulting,88
Staffigo,https://www.linkedin.com/sales/company/10166128,Information Technology & Services,178
Burtch Works,https://www.linkedin.com/sales/company/575811,IT Services and IT Consulting,52
TribolaTech Inc,https://www.linkedin.com/sales/company/1474852,Information Technology & Services,66
eNGINE,https://www.linkedin.com/sales/company/16248671,IT Services and IT Consulting,153
Henson Group,https://www.linkedin.com/sales/company/65618,IT Services and IT Consulting,188
Odyssey Information Services,https://www.linkedin.com/sales/company/56445,IT Services and IT Consulting,176
Cybrary,https://www.linkedin.com/sales/company/9243102,IT Services and IT Consulting,170
NextPath Workforce Solutions,https://www.linkedin.com/sales/company/33296963,IT Services and IT Consulting,54
Veracity Software Inc,https://www.linkedin.com/sales/company/11137552,Information Technology & Services,105
The Brixton Group,https://www.linkedin.com/sales/company/1613038,IT Services and IT Consulting,87
Pronix Inc,https://www.linkedin.com/sales/company/1642843,IT Services and IT Consulting,189
BrainX Technologies,https://www.linkedin.com/sales/company/13258108,IT Services and IT Consulting,142
Radiansys Inc.,https://www.linkedin.com/sales/company/537246,IT Services and IT Consulting,155
My3Tech,https://www.linkedin.com/sales/company/1975865,IT Services and IT Consulting,150
Sharp Decisions,https://www.linkedin.com/sales/company/26376,Information Technology & Services,191
Cortex Consultants LLC,https://www.linkedin.com/sales/company/1120803,IT Services and IT Consulting,120
CloudEagle.ai,https://www.linkedin.com/sales/company/68048066,IT Services and IT Consulting,71
Cygnus Professionals Inc.,https://www.linkedin.com/sales/company/2543692,Information Technology & Services,137
AllianceIT Inc,https://www.linkedin.com/sales/company/2550297,IT Services and IT Consulting,87
Sibitalent Corp,https://www.linkedin.com/sales/company/31346550,IT Services and IT Consulting,129
Prodware Solutions,https://www.linkedin.com/sales/company/2045626,IT Services and IT Consulting,98
Creospan Inc.,https://www.linkedin.com/sales/company/503768,Information Technology & Services,190
Saransh Inc,https://www.linkedin.com/sales/company/31356620,IT Services and IT Consulting,120
Medix Technology,https://www.linkedin.com/sales/company/27239179,IT Services and IT Consulting,188
R2 Global,https://www.linkedin.com/sales/company/10140364,IT Services and IT Consulting,79
Integration International Inc.,https://www.linkedin.com/sales/company/92309,IT Services and IT Consulting,139
Tranzeal Incorporated,https://www.linkedin.com/sales/company/2269862,IT Services and IT Consulting,84
GlobalSource IT,https://www.linkedin.com/sales/company/74827,IT Services and IT Consulting,87
Noblesoft Solutions,https://www.linkedin.com/sales/company/212405,IT Services and IT Consulting,146
3i People,https://www.linkedin.com/sales/company/138719,IT Services and IT Consulting,88
"Aptino, Inc.",https://www.linkedin.com/sales/company/13672385,IT Services and IT Consulting,98
Tech Consulting,https://www.linkedin.com/sales/company/95734231,IT Services and IT Consulting,150
InfoStride,https://www.linkedin.com/sales/company/19101288,IT Services and IT Consulting,138
Gotham Technology Group,https://www.linkedin.com/sales/company/21485,IT Services and IT Consulting,160
IT Minds LLC,https://www.linkedin.com/sales/company/5262441,IT Services and IT Consulting,155
Maven Workforce Inc.,https://www.linkedin.com/sales/company/231042,IT Services and IT Consulting,164
"Vector Consulting, Inc",https://www.linkedin.com/sales/company/39838,IT Services and IT Consulting,126
Remotebase,https://www.linkedin.com/sales/company/12585254,IT Services and IT Consulting,152
Seceon Inc.,https://www.linkedin.com/sales/company/9196673,Computer and Network Security,169
Serigor Inc,https://www.linkedin.com/sales/company/1933028,Information Technology & Services,151
Avesta Computer Services,https://www.linkedin.com/sales/company/34616,Information Technology & Services,166
Visionary Innovative Technology Solutions LLC,https://www.linkedin.com/sales/company/64877765,IT Services and IT Consulting,87
Servsys Corporation,https://www.linkedin.com/sales/company/3549076,Information Technology & Services,86
OpTech,https://www.linkedin.com/sales/company/2425438,IT Services and IT Consulting,164
Black Hills Information Security,https://www.linkedin.com/sales/company/3569774,Computer and Network Security,143
"The Mice Groups, Inc.",https://www.linkedin.com/sales/company/127047,IT Services and IT Consulting,77
Alexander Technology Group,https://www.linkedin.com/sales/company/202944,IT Services and IT Consulting,122
"Synergy Business Consulting, Inc.",https://www.linkedin.com/sales/company/228790,IT Services and IT Consulting,97
Technology Ventures,https://www.linkedin.com/sales/company/334506,IT Services and IT Consulting,84
CyberDefenders,https://www.linkedin.com/sales/company/29041029,Computer and Network Security,77
GBIT (Global Bridge InfoTech Inc),https://www.linkedin.com/sales/company/3113804,IT Services and IT Consulting,140
NAM Info Inc,https://www.linkedin.com/sales/company/1909776,IT Services and IT Consulting,165
Greymatter Innovationz,https://www.linkedin.com/sales/company/76639430,IT Services and IT Consulting,51
"Georgia IT, Inc.",https://www.linkedin.com/sales/company/2197296,IT Services and IT Consulting,103
"Sky Systems, Inc. (SkySys)",https://www.linkedin.com/sales/company/2226198,IT Services and IT Consulting,168
On-Demand Group,https://www.linkedin.com/sales/company/266132,Information Technology & Services,120
Revel IT,https://www.linkedin.com/sales/company/52136858,IT Services and IT Consulting,66
GAC Solutions,https://www.linkedin.com/sales/company/65734152,Information Technology & Services,160
Tech One IT,https://www.linkedin.com/sales/company/77610,IT Services and IT Consulting,149
Intellisoft Technologies,https://www.linkedin.com/sales/company/132625,IT Services and IT Consulting,195
InRhythm,https://www.linkedin.com/sales/company/2498968,IT Services and IT Consulting,105
Resecurity,https://www.linkedin.com/sales/company/11749155,Computer and Network Security,106
TeamSoft,https://www.linkedin.com/sales/company/53255,IT Services and IT Consulting,122
Niktor LLC,https://www.linkedin.com/sales/company/14379449,IT Services and IT Consulting,103
Bellurbis,https://www.linkedin.com/sales/company/1698288,IT Services and IT Consulting,105
"Kaygen, Inc.",https://www.linkedin.com/sales/company/414551,IT Services and IT Consulting,133
Quantum IT Innovation,https://www.linkedin.com/sales/company/18426914,IT Services and IT Consulting,189
Ranger Technical Resources,https://www.linkedin.com/sales/company/2283087,IT Services and IT Consulting,69
MindSource,https://www.linkedin.com/sales/company/164992,Information Technology & Services,97
"Veridian Tech Solutions, Inc.",https://www.linkedin.com/sales/company/33125878,IT Services and IT Consulting,149
Canvendor,https://www.linkedin.com/sales/company/7931934,IT Services and IT Consulting,121
"SilverSearch, Inc.",https://www.linkedin.com/sales/company/122993,IT Services and IT Consulting,60
Brillius Technologies,https://www.linkedin.com/sales/company/6529017,IT Services and IT Consulting,119
"Genesis Consulting Partners, LLC",https://www.linkedin.com/sales/company/229924,IT Services and IT Consulting,131
Clovity,https://www.linkedin.com/sales/company/18045394,IT Services and IT Consulting,131
Astra Security,https://www.linkedin.com/sales/company/3584968,Computer and Network Security,129
DEVOPS INSTITUTE,https://www.linkedin.com/sales/company/6402730,IT Services and IT Consulting,108
Elaniin,https://www.linkedin.com/sales/company/12955591,IT Services and IT Consulting,109
Pacific Data Integrators,https://www.linkedin.com/sales/company/3804293,IT Services and IT Consulting,74
Trinity Technology Solutions LLC,https://www.linkedin.com/sales/company/67156509,IT Services and IT Consulting,51
Wall Street Consulting Services LLC,https://www.linkedin.com/sales/company/49643359,IT Services and IT Consulting,101
Datum Technologies Group,https://www.linkedin.com/sales/company/58852,Information Technology & Services,172
Summit Human Capital,https://www.linkedin.com/sales/company/10137324,IT Services and IT Consulting,162
Jefferson Frank,https://www.linkedin.com/sales/company/28164278,IT Services and IT Consulting,147
Intellibus,https://www.linkedin.com/sales/company/30960415,IT Services and IT Consulting,107
Comptech Associates,https://www.linkedin.com/sales/company/885787,IT Services and IT Consulting,69
BridgeView,https://www.linkedin.com/sales/company/79629,IT Services and IT Consulting,101
Newpage Solutions,https://www.linkedin.com/sales/company/40675133,IT Services and IT Consulting,146
Codeworks IT Careers,https://www.linkedin.com/sales/company/456189,IT Services and IT Consulting,83
Innovya Technologies,https://www.linkedin.com/sales/company/80315844,Information Technology & Services,65
Purple Drive Technologies,https://www.linkedin.com/sales/company/13248636,Information Technology & Services,166
ImpactQA,https://www.linkedin.com/sales/company/2628642,IT Services and IT Consulting,171
VDart Digital,https://www.linkedin.com/sales/company/13301966,IT Services and IT Consulting,195
Innovatix Technology Partners,https://www.linkedin.com/sales/company/108395799,IT Services and IT Consulting,112
TriCom Technical Services,https://www.linkedin.com/sales/company/43470,IT Services and IT Consulting,114
"ITCO Solutions, Inc.",https://www.linkedin.com/sales/company/126434,IT Services and IT Consulting,96
TEK NINJAS,https://www.linkedin.com/sales/company/7586071,IT Services and IT Consulting,190
Clearscale,https://www.linkedin.com/sales/company/2361403,IT Services and IT Consulting,108
CTP,https://www.linkedin.com/sales/company/1359336,Information Technology & Services,86
"Luna Data Solutions, Inc.",https://www.linkedin.com/sales/company/708782,IT Services and IT Consulting,106
JSR Tech Consulting,https://www.linkedin.com/sales/company/15221948,IT Services and IT Consulting,65
Pacific Consultancy Services,https://www.linkedin.com/sales/company/91149423,IT Services and IT Consulting,70
NGINX,https://www.linkedin.com/sales/company/2962671,IT Services and IT Consulting,170
"TechnoSphere, Inc.",https://www.linkedin.com/sales/company/77601,IT Services and IT Consulting,79
Motivation,https://www.linkedin.com/sales/company/28571285,IT Services and IT Consulting,94
E-IT,https://www.linkedin.com/sales/company/9211944,Information Technology & Services,171
Alpine Solutions Group,https://www.linkedin.com/sales/company/18005595,IT Services and IT Consulting,100
Keedian,https://www.linkedin.com/sales/company/9440656,Information Technology & Services,110
"Allied Consultants, Inc.",https://www.linkedin.com/sales/company/2236492,Information Technology & Services,90
Hired,https://www.linkedin.com/sales/company/2786985,IT Services and IT Consulting,157
Agilité,https://www.linkedin.com/sales/company/65388173,IT Services and IT Consulting,130
QuantumBricks,https://www.linkedin.com/sales/company/37573759,IT Services and IT Consulting,168
A2C,https://www.linkedin.com/sales/company/27771,IT Services and IT Consulting,97
BravoTECH,https://www.linkedin.com/sales/company/226898,IT Services and IT Consulting,173
Arthur Grand Technologies,https://www.linkedin.com/sales/company/10980260,Information Technology & Services,111
TechWish,https://www.linkedin.com/sales/company/35679573,IT Services and IT Consulting,120
ESG Consulting,https://www.linkedin.com/sales/company/20025,IT Services and IT Consulting,88
"Donato Technologies, Inc.",https://www.linkedin.com/sales/company/25066691,IT Services and IT Consulting,185
"Mumba Technologies, Inc.",https://www.linkedin.com/sales/company/1416662,IT Services and IT Consulting,138
Lacework,https://www.linkedin.com/sales/company/17932068,Computer and Network Security,167
JIITAK Inc.,https://www.linkedin.com/sales/company/14530301,IT Services and IT Consulting,91
Wallarm: API Security Leader,https://www.linkedin.com/sales/company/4871419,Computer and Network Security,190
StackNexus,https://www.linkedin.com/sales/company/27181930,IT Services and IT Consulting,170
"Informatic Technologies, Inc.",https://www.linkedin.com/sales/company/690468,Information Technology & Services,91
RiVi Consulting Group L.L.C,https://www.linkedin.com/sales/company/2503830,IT Services and IT Consulting,60
"Everest Consultants, Inc.",https://www.linkedin.com/sales/company/62954,IT Services and IT Consulting,108
The Transformation Group,https://www.linkedin.com/sales/company/65535187,IT Services and IT Consulting,56
Codvo.ai,https://www.linkedin.com/sales/company/14709340,IT System Custom Software Development,153
ITConnectUS,https://www.linkedin.com/sales/company/16162363,IT Services and IT Consulting,106
Zenith Services Inc.,https://www.linkedin.com/sales/company/756569,IT Services and IT Consulting,89
RE Partners,https://www.linkedin.com/sales/company/30099094,IT Services and IT Consulting,90
Buxton Consulting,https://www.linkedin.com/sales/company/32292,Information Technology & Services,78
mroads,https://www.linkedin.com/sales/company/3837152,Information Technology & Services,187
Round The Clock Technologies,https://www.linkedin.com/sales/company/78798848,IT Services and IT Consulting,118
Cloudious LLC,https://www.linkedin.com/sales/company/17959348,Information Technology & Services,102
TechClub Inc,https://www.linkedin.com/sales/company/89973025,IT Services and IT Consulting,75
Cyber Defense Technologies,https://www.linkedin.com/sales/company/1051584,Information Technology & Services,82
Action1,https://www.linkedin.com/sales/company/18742770,Computer and Network Security,119
"Princeton IT Services, Inc",https://www.linkedin.com/sales/company/716360,Information Technology & Services,87
eHub Global Inc,https://www.linkedin.com/sales/company/79482021,IT Services and IT Consulting,113
"Strobes Security, Inc.",https://www.linkedin.com/sales/company/14656128,Computer and Network Security,99
Central Point Partners,https://www.linkedin.com/sales/company/9487758,IT Services and IT Consulting,55
Onebridge,https://www.linkedin.com/sales/company/11409884,IT Services and IT Consulting,77
Oloop Technology Solutions,https://www.linkedin.com/sales/company/3183646,IT Services and IT Consulting,129
Verinext,https://www.linkedin.com/sales/company/18542,IT Services and IT Consulting,150
Blue Spire Inc,https://www.linkedin.com/sales/company/10416260,Information Technology & Services,142
Solü Technology Partners,https://www.linkedin.com/sales/company/2587248,Information Technology & Services,188
Infomatics Corp,https://www.linkedin.com/sales/company/821065,IT Services and IT Consulting,101
Vectorsoft,https://www.linkedin.com/sales/company/3480059,IT Services and IT Consulting,86
VHL Technologies Inc,https://www.linkedin.com/sales/company/15160138,IT Services and IT Consulting,155
Sapphire Software Solutions Inc,https://www.linkedin.com/sales/company/64863800,Information Technology & Services,147
Allwyn Corporation,https://www.linkedin.com/sales/company/4428088,Information Technology & Services,60
Blu Omega,https://www.linkedin.com/sales/company/67493658,IT Services and IT Consulting,125
OnPoint Insights,https://www.linkedin.com/sales/company/64672598,IT Services and IT Consulting,56
Indigo Slate,https://www.linkedin.com/sales/company/3797960,IT Services and IT Consulting,116
ITR Group,https://www.linkedin.com/sales/company/11891,IT Services and IT Consulting,104
PMG GLOBAL,https://www.linkedin.com/sales/company/1498833,IT Services and IT Consulting,56
RSAC,https://www.linkedin.com/sales/company/2901675,Computer and Network Security,114
"SMX Services & Consulting, Inc.",https://www.linkedin.com/sales/company/1673439,IT Services and IT Consulting,192
QUANTEAM - North America (RAINBOW PARTNERS Group),https://www.linkedin.com/sales/company/10594479,IT Services and IT Consulting,59
Adapture,https://www.linkedin.com/sales/company/225366,IT Services and IT Consulting,176
Krasan Consulting Services,https://www.linkedin.com/sales/company/75584764,IT Services and IT Consulting,174
Covetus,https://www.linkedin.com/sales/company/3294602,IT Services and IT Consulting,156
SecPod,https://www.linkedin.com/sales/company/216212,Computer and Network Security,171
Allied Technologies,https://www.linkedin.com/sales/company/74032447,IT Services and IT Consulting,88
Cloud and Things,https://www.linkedin.com/sales/company/6455591,IT Services and IT Consulting,60
Edged,https://www.linkedin.com/sales/company/75657638,IT Services and IT Consulting,178
Distillery,https://www.linkedin.com/sales/company/10691202,IT Services and IT Consulting,193
Veritis Group Inc,https://www.linkedin.com/sales/company/149293,IT Services and IT Consulting,138
Internet of Things - IoT,https://www.linkedin.com/sales/company/7198049,IT Services and IT Consulting,170
PSI (Proteam Solutions),https://www.linkedin.com/sales/company/1674945,IT Services and IT Consulting,172
ComResource,https://www.linkedin.com/sales/company/67662,IT Services and IT Consulting,148
Synergy Technologies,https://www.linkedin.com/sales/company/2662740,Information Technology & Services,170
Tambola Solutions,https://www.linkedin.com/sales/company/52232596,Information Technology & Services,59
"Anveta, Inc",https://www.linkedin.com/sales/company/1051998,IT Services and IT Consulting,120
RAZOR,https://www.linkedin.com/sales/company/11815285,IT Services and IT Consulting,145
Zyxware Technologies,https://www.linkedin.com/sales/company/711088,Information Technology & Services,95
RICEFW Technologies Inc,https://www.linkedin.com/sales/company/2840488,Information Technology & Services,134
Envision Technology Solutions,https://www.linkedin.com/sales/company/79011799,IT Services and IT Consulting,96
Source One Technical Solutions,https://www.linkedin.com/sales/company/123094,IT Services and IT Consulting,59
"InSource, Inc",https://www.linkedin.com/sales/company/229432,IT Services and IT Consulting,180
"Venafi, a CyberArk Company",https://www.linkedin.com/sales/company/207624,Computer and Network Security,187
"KMM Technologies, Inc.",https://www.linkedin.com/sales/company/3616096,Information Technology & Services,99
Maitsys,https://www.linkedin.com/sales/company/93292159,IT Services and IT Consulting,72
tCognition,https://www.linkedin.com/sales/company/57619,IT Services and IT Consulting,172
AppSierra,https://www.linkedin.com/sales/company/6610146,IT Services and IT Consulting,111
Virtelligence,https://www.linkedin.com/sales/company/65935,IT Services and IT Consulting,110
Kesh Tec INC,https://www.linkedin.com/sales/company/80265954,IT Services and IT Consulting,169
MT BYTES,https://www.linkedin.com/sales/company/92961856,IT Services and IT Consulting,60
Algorand Foundation,https://www.linkedin.com/sales/company/35537473,IT Services and IT Consulting,126
AccuKnox,https://www.linkedin.com/sales/company/14651364,Computer and Network Security,173
Scadea Software Solutions,https://www.linkedin.com/sales/company/3118196,IT Services and IT Consulting,194
DevRabbit IT Solutions,https://www.linkedin.com/sales/company/13178428,IT Services and IT Consulting,133
Vuesol Technologies Inc,https://www.linkedin.com/sales/company/6382239,IT Services and IT Consulting,160
S2Integrators,https://www.linkedin.com/sales/company/40700253,IT Services and IT Consulting,180
Devfi,https://www.linkedin.com/sales/company/2806184,Information Technology & Services,98
"Client Resources, Inc.",https://www.linkedin.com/sales/company/51322,IT Services and IT Consulting,82
Fixity Technologies,https://www.linkedin.com/sales/company/74777356,IT Services and IT Consulting,167
Specbee,https://www.linkedin.com/sales/company/3832944,IT Services and IT Consulting,70
Rootshell Inc,https://www.linkedin.com/sales/company/2899266,IT Services and IT Consulting,91
Triune Infomatics Inc,https://www.linkedin.com/sales/company/304782,IT Services and IT Consulting,51
"Infinity, Stamford Technology Solutions",https://www.linkedin.com/sales/company/10075319,IT Services and IT Consulting,140
Perforce Puppet,https://www.linkedin.com/sales/company/621389,IT Services and IT Consulting,189
Appirio,https://www.linkedin.com/sales/company/67160,Information Technology & Services,163
Tonic3,https://www.linkedin.com/sales/company/3800338,IT Services and IT Consulting,109
Brilliant Infotech Inc.,https://www.linkedin.com/sales/company/1753550,IT Services and IT Consulting,75
Tek Tron IT,https://www.linkedin.com/sales/company/69100774,IT Services and IT Consulting,60
WillWare Technologies,https://www.linkedin.com/sales/company/76551293,IT Services and IT Consulting,81
Coding Pixel,https://www.linkedin.com/sales/company/12728933,IT Services and IT Consulting,177
Global Applications Solution,https://www.linkedin.com/sales/company/2121426,IT Services and IT Consulting,49
Cylance Inc.,https://www.linkedin.com/sales/company/2715706,Computer and Network Security,110
Rialtes,https://www.linkedin.com/sales/company/33272029,IT Services and IT Consulting,110
Techworkers,https://www.linkedin.com/sales/company/60921,IT Services and IT Consulting,56
HYR Global Source Inc,https://www.linkedin.com/sales/company/10682123,IT Services and IT Consulting,78
OneData Software Solutions,https://www.linkedin.com/sales/company/7573454,IT Services and IT Consulting,196
CorSource,https://www.linkedin.com/sales/company/392449,IT Services and IT Consulting,76
Vastika Inc,https://www.linkedin.com/sales/company/2511837,IT Services and IT Consulting,97
WalkWater Technologies,https://www.linkedin.com/sales/company/3356865,IT Services and IT Consulting,59
Reveal HealthTech,https://www.linkedin.com/sales/company/93109954,IT Services and IT Consulting,82
"Convene, Inc.",https://www.linkedin.com/sales/company/983038,IT Services and IT Consulting,54
Shakti Solutions,https://www.linkedin.com/sales/company/64611129,IT Services and IT Consulting,77
WebCreek,https://www.linkedin.com/sales/company/10322617,IT Services and IT Consulting,75
HUNTER Technical - htrjobs.com,https://www.linkedin.com/sales/company/216018,IT Services and IT Consulting,52
US IT Staffing and Recruitment,https://www.linkedin.com/sales/company/78337806,IT Services and IT Consulting,91
Anchor Point Technology Resources,https://www.linkedin.com/sales/company/1327672,Information Technology & Services,85
PSRTEK,https://www.linkedin.com/sales/company/13391879,IT Services and IT Consulting,94
Gmware,https://www.linkedin.com/sales/company/13316763,IT Services and IT Consulting,62
w3r Consulting,https://www.linkedin.com/sales/company/50801,IT Services and IT Consulting,147
Prowess Consulting,https://www.linkedin.com/sales/company/43184,IT Services and IT Consulting,125
SoftSages Technology,https://www.linkedin.com/sales/company/9428125,IT Services and IT Consulting,158
ISoftech Inc,https://www.linkedin.com/sales/company/718471,IT Services and IT Consulting,85
SwiftWIN | A Concord Company,https://www.linkedin.com/sales/company/13448992,Information Technology & Services,132
Keasis,https://www.linkedin.com/sales/company/69733271,IT Services and IT Consulting,55
AE Business Solutions,https://www.linkedin.com/sales/company/19424,Information Technology & Services,190
FastTek Global,https://www.linkedin.com/sales/company/64550438,IT Services and IT Consulting,84
Skywalk Global,https://www.linkedin.com/sales/company/2695488,IT Services and IT Consulting,103
Apetan Consulting LLC,https://www.linkedin.com/sales/company/2925555,IT Services and IT Consulting,182
Tek Leaders Inc,https://www.linkedin.com/sales/company/816819,IT Services and IT Consulting,191
Tech Unicorn,https://www.linkedin.com/sales/company/69029605,IT Services and IT Consulting,94
Conviso Inc.,https://www.linkedin.com/sales/company/64907739,IT Services and IT Consulting,86
SOLTECH,https://www.linkedin.com/sales/company/278262,IT Services and IT Consulting,176
Inovasys,https://www.linkedin.com/sales/company/5162434,IT Services and IT Consulting,166
Fulfillment IQ,https://www.linkedin.com/sales/company/15782107,IT Services and IT Consulting,117
Procyon Technostructure,https://www.linkedin.com/sales/company/7181432,Information Technology & Services,90
Xemplar Insights,https://www.linkedin.com/sales/company/14387524,Information Technology & Services,70
TM Floyd & Company (TMF),https://www.linkedin.com/sales/company/26322,IT Services and IT Consulting,152
STAFFWORXS,https://www.linkedin.com/sales/company/18496188,Information Technology & Services,54
Northwest Partners,https://www.linkedin.com/sales/company/40660657,IT Services and IT Consulting,55
Paradigm Technology,https://www.linkedin.com/sales/company/24283,IT Services and IT Consulting,127
Intellyk Inc.,https://www.linkedin.com/sales/company/11243687,IT Services and IT Consulting,176
RED SKY Consulting,https://www.linkedin.com/sales/company/963453,IT Services and IT Consulting,59
The Baer Group,https://www.linkedin.com/sales/company/32542,IT Services and IT Consulting,66
Veridic Solutions,https://www.linkedin.com/sales/company/13284458,IT Services and IT Consulting,97
Blutic,https://www.linkedin.com/sales/company/1974248,IT Services and IT Consulting,64
Centurion,https://www.linkedin.com/sales/company/11033790,IT Services and IT Consulting,110
Concentrix Tigerspike,https://www.linkedin.com/sales/company/108629,IT Services and IT Consulting,195
Fleet Hoster,https://www.linkedin.com/sales/company/3609011,IT Services and IT Consulting,61
Cyber1Armor,https://www.linkedin.com/sales/company/10611639,Computer and Network Security,53
VRK IT Vision Inc.,https://www.linkedin.com/sales/company/67257604,Information Technology & Services,52
Enexus Global Inc.,https://www.linkedin.com/sales/company/11841554,IT Services and IT Consulting,63
Optomi Professional Services,https://www.linkedin.com/sales/company/27003541,IT Services and IT Consulting,130
ISmile Technologies,https://www.linkedin.com/sales/company/3262281,IT Services and IT Consulting,108
Inclusion Cloud,https://www.linkedin.com/sales/company/2409140,Information Technology & Services,161
Pyramid Technology Solutions,https://www.linkedin.com/sales/company/2015890,IT Services and IT Consulting,177
"APN Consulting, Inc.",https://www.linkedin.com/sales/company/972069,IT Services and IT Consulting,88
Amaze Systems,https://www.linkedin.com/sales/company/53185363,IT Services and IT Consulting,135
Dupont Circle Solutions,https://www.linkedin.com/sales/company/15212683,IT Services and IT Consulting,70
Prometteur Solutions Pvt. Ltd.,https://www.linkedin.com/sales/company/6628013,IT Services and IT Consulting,152
Office Solution AI Labs,https://www.linkedin.com/sales/company/13656828,IT Services and IT Consulting,155
COGENT DATA SOLUTIONS LLC,https://www.linkedin.com/sales/company/2428658,IT Services and IT Consulting,113
Cloudelligent,https://www.linkedin.com/sales/company/35484422,IT Services and IT Consulting,125
ZealTech,https://www.linkedin.com/sales/company/2722174,IT Services and IT Consulting,91
AttackIQ,https://www.linkedin.com/sales/company/3737275,Computer and Network Security,188
IRIS Consulting LLC,https://www.linkedin.com/sales/company/1134759,IT Services and IT Consulting,90
Judge Consulting Group,https://www.linkedin.com/sales/company/18622011,IT Services and IT Consulting,86
KAnand Corporation,https://www.linkedin.com/sales/company/1364228,Information Technology & Services,100
AVID Technical Resources,https://www.linkedin.com/sales/company/61925,IT Services and IT Consulting,52
Axelerant,https://www.linkedin.com/sales/company/3142330,IT Services and IT Consulting,184
Enterprise Engineering Inc. (EEI),https://www.linkedin.com/sales/company/37390,IT Services and IT Consulting,72
Vegam Solutions,https://www.linkedin.com/sales/company/10129704,Information Technology & Services,191
"Infomatics, Inc",https://www.linkedin.com/sales/company/332139,IT Services and IT Consulting,131
Oigetit Real-Time AI Intelligence Platform,https://www.linkedin.com/sales/company/4826917,Computer and Network Security,180
Access Global Group,https://www.linkedin.com/sales/company/2953670,IT Services and IT Consulting,106
"International Software Systems, Inc.",https://www.linkedin.com/sales/company/1473913,IT Services and IT Consulting,75
Gyga Force,https://www.linkedin.com/sales/company/2805483,IT Services and IT Consulting,52
Kani Solutions Inc,https://www.linkedin.com/sales/company/3270913,IT Services and IT Consulting,121
CompuGain,https://www.linkedin.com/sales/company/89724,IT Services and IT Consulting,180
Alpha Silicon,https://www.linkedin.com/sales/company/13332717,IT Services and IT Consulting,122
Ascent Services Group,https://www.linkedin.com/sales/company/206785,IT Services and IT Consulting,123
SPAR Information Systems LLC,https://www.linkedin.com/sales/company/10356220,Information Technology & Services,171
AML Watcher,https://www.linkedin.com/sales/company/96377843,IT Services and IT Consulting,67
Entrepreneur Stuffs,https://www.linkedin.com/sales/company/53210433,IT Services and IT Consulting,114
Rigetti Computing,https://www.linkedin.com/sales/company/3524822,IT Services and IT Consulting,179
Closeloop Technologies,https://www.linkedin.com/sales/company/6451195,IT Services and IT Consulting,103
GeoLogics Corporation,https://www.linkedin.com/sales/company/55406,IT Services and IT Consulting,140
Septem Systems,https://www.linkedin.com/sales/company/13330588,IT Services and IT Consulting,78
Peritus Inc,https://www.linkedin.com/sales/company/10853673,IT Services and IT Consulting,108
TG Federal,https://www.linkedin.com/sales/company/95589,IT Services and IT Consulting,154
Agama Solutions Inc,https://www.linkedin.com/sales/company/1597847,IT Services and IT Consulting,165
"Infinite Resource Solutions, LLC",https://www.linkedin.com/sales/company/826665,IT Services and IT Consulting,52
Astha.IT,https://www.linkedin.com/sales/company/1120647,IT Services and IT Consulting,152
CGS Business Solutions,https://www.linkedin.com/sales/company/1156293,IT Services and IT Consulting,63
Merge IT,https://www.linkedin.com/sales/company/10360760,IT Services and IT Consulting,76
"e&e IT Consulting Services, Inc.",https://www.linkedin.com/sales/company/1495178,IT Services and IT Consulting,74
Zemoga,https://www.linkedin.com/sales/company/157179,IT Services and IT Consulting,195
"Resource 1, Inc.",https://www.linkedin.com/sales/company/43085,IT Services and IT Consulting,55
PCI Security Standards Council,https://www.linkedin.com/sales/company/2043861,Computer and Network Security,193
DTI (Diversified Technology Inc.),https://www.linkedin.com/sales/company/1214251,IT Services and IT Consulting,65
Nonrel Technologies,https://www.linkedin.com/sales/company/105277645,IT Services and IT Consulting,102
Brite,https://www.linkedin.com/sales/company/604644,IT Services and IT Consulting,126
"Conch Technologies, Inc",https://www.linkedin.com/sales/company/1682801,IT Services and IT Consulting,142
Stackular,https://www.linkedin.com/sales/company/93613039,IT Services and IT Consulting,62
Empower Professionals Inc - Talent & IT Services,https://www.linkedin.com/sales/company/8047188,Information Technology & Services,118
Fidelis Security,https://www.linkedin.com/sales/company/51697,Computer and Network Security,185
"Maganti IT Resources, LLC",https://www.linkedin.com/sales/company/2657740,IT Services and IT Consulting,198
ToggleNow,https://www.linkedin.com/sales/company/7805214,IT Services and IT Consulting,111
Trinus Corporation,https://www.linkedin.com/sales/company/29147,IT Services and IT Consulting,89
"Trundl, Inc",https://www.linkedin.com/sales/company/15257953,IT Services and IT Consulting,110
Codup,https://www.linkedin.com/sales/company/10787041,IT Services and IT Consulting,101
Alrek Business Solutions Inc,https://www.linkedin.com/sales/company/40767767,IT Services and IT Consulting,72
BosLeo,https://www.linkedin.com/sales/company/2666873,IT Services and IT Consulting,65
Stateside,https://www.linkedin.com/sales/company/9448167,IT Services and IT Consulting,65
"Bectran, Inc.",https://www.linkedin.com/sales/company/2916184,Information Technology & Services,115
TechMatrix Inc,https://www.linkedin.com/sales/company/9246433,IT Services and IT Consulting,78
ShimentoX Technologies,https://www.linkedin.com/sales/company/1294799,IT Services and IT Consulting,73
GSK Solutions Inc.,https://www.linkedin.com/sales/company/3086079,IT Services and IT Consulting,184
Magzter,https://www.linkedin.com/sales/company/1825801,IT Services and IT Consulting,112
OX Security,https://www.linkedin.com/sales/company/81846757,Computer and Network Security,201
PromptCloud,https://www.linkedin.com/sales/company/2436910,IT Services and IT Consulting,94
Optima Global Solutions Inc.,https://www.linkedin.com/sales/company/43010,IT Services and IT Consulting,59
DXFactor,https://www.linkedin.com/sales/company/35525338,IT Services and IT Consulting,148
Venusgeo Solutions,https://www.linkedin.com/sales/company/13617580,Information Technology & Services,189
TPA technologies,https://www.linkedin.com/sales/company/70756,Information Technology & Services,108
ZETTALOGIX INC,https://www.linkedin.com/sales/company/35548088,Information Technology & Services,59
SoftClouds,https://www.linkedin.com/sales/company/218656,IT Services and IT Consulting,178
Million Colombia | Cutting-edge Real Estate Solutions,https://www.linkedin.com/sales/company/24991541,IT Services and IT Consulting,122
ERPMARK INC,https://www.linkedin.com/sales/company/16077860,IT Services and IT Consulting,64
ASB Resources,https://www.linkedin.com/sales/company/10279077,IT Services and IT Consulting,92
DirectDefense,https://www.linkedin.com/sales/company/2667802,Computer and Network Security,95
Enabled Analytics,https://www.linkedin.com/sales/company/70078154,IT Services and IT Consulting,105
Edify Technologies,https://www.linkedin.com/sales/company/136188,Information Technology & Services,90
"Kraft & Kennedy, Inc.",https://www.linkedin.com/sales/company/18389,IT Services and IT Consulting,199
Quiddity Infotech LLC,https://www.linkedin.com/sales/company/20379875,IT Services and IT Consulting,85
truData Solutions,https://www.linkedin.com/sales/company/18785553,IT Services and IT Consulting,53
Skybox Security,https://www.linkedin.com/sales/company/165996,Computer and Network Security,108
Numentica,https://www.linkedin.com/sales/company/2642477,IT Services and IT Consulting,145
Delve Risk,https://www.linkedin.com/sales/company/40955265,IT Services and IT Consulting,51
Notch,https://www.linkedin.com/sales/company/26513564,Information Technology & Services,54
tsworks,https://www.linkedin.com/sales/company/79475359,IT Services and IT Consulting,103
Libsys Inc,https://www.linkedin.com/sales/company/74694602,IT Services and IT Consulting,151
Anoma,https://www.linkedin.com/sales/company/72985435,IT Services and IT Consulting,59
NeoITO,https://www.linkedin.com/sales/company/3622940,IT Services and IT Consulting,114
TrustedSec,https://www.linkedin.com/sales/company/9478538,Computer and Network Security,115
"TMS, LLC",https://www.linkedin.com/sales/company/65646554,IT System Custom Software Development,200
"Redapt, Inc.",https://www.linkedin.com/sales/company/77133,IT Services and IT Consulting,191
TheoremOne,https://www.linkedin.com/sales/company/18574215,IT Services and IT Consulting,61
TESCRA,https://www.linkedin.com/sales/company/71407,IT Services and IT Consulting,190
Kloud9 LLC,https://www.linkedin.com/sales/company/13654206,IT Services and IT Consulting,106
Triveni IT,https://www.linkedin.com/sales/company/2659878,IT Services and IT Consulting,101
Acetech Group Corporation,https://www.linkedin.com/sales/company/76078131,IT Services and IT Consulting,81
Maxima Consulting,https://www.linkedin.com/sales/company/213763,IT Services and IT Consulting,181
Blacks In Technology,https://www.linkedin.com/sales/company/3129266,IT Services and IT Consulting,57
Cambay Solutions,https://www.linkedin.com/sales/company/80807231,IT Services and IT Consulting,118
VMware Tanzu,https://www.linkedin.com/sales/company/64896057,IT Services and IT Consulting,142
Cisco DevNet,https://www.linkedin.com/sales/company/35452600,Computer Networking,75
Streamline,https://www.linkedin.com/sales/company/66326452,IT Services and IT Consulting,126
Sprout,https://www.linkedin.com/sales/company/7959815,IT Services and IT Consulting,179
Enhance IT,https://www.linkedin.com/sales/company/51692870,IT Services and IT Consulting,95
truData Solutions,https://www.linkedin.com/sales/company/18785553,IT Services and IT Consulting,53
Skybox Security,https://www.linkedin.com/sales/company/165996,Computer and Network Security,108
Numentica,https://www.linkedin.com/sales/company/2642477,IT Services and IT Consulting,145
Delve Risk,https://www.linkedin.com/sales/company/40955265,IT Services and IT Consulting,51
Notch,https://www.linkedin.com/sales/company/26513564,Information Technology & Services,54
tsworks,https://www.linkedin.com/sales/company/79475359,IT Services and IT Consulting,103
Libsys Inc,https://www.linkedin.com/sales/company/74694602,IT Services and IT Consulting,151
Anoma,https://www.linkedin.com/sales/company/72985435,IT Services and IT Consulting,59
NeoITO,https://www.linkedin.com/sales/company/3622940,IT Services and IT Consulting,114
TrustedSec,https://www.linkedin.com/sales/company/9478538,Computer and Network Security,115
"TMS, LLC",https://www.linkedin.com/sales/company/65646554,IT System Custom Software Development,200
"Redapt, Inc.",https://www.linkedin.com/sales/company/77133,IT Services and IT Consulting,191
TheoremOne,https://www.linkedin.com/sales/company/18574215,IT Services and IT Consulting,61
TESCRA,https://www.linkedin.com/sales/company/71407,IT Services and IT Consulting,190
Kloud9 LLC,https://www.linkedin.com/sales/company/13654206,IT Services and IT Consulting,106
Triveni IT,https://www.linkedin.com/sales/company/2659878,IT Services and IT Consulting,101
Acetech Group Corporation,https://www.linkedin.com/sales/company/76078131,IT Services and IT Consulting,81
Maxima Consulting,https://www.linkedin.com/sales/company/213763,IT Services and IT Consulting,181
Blacks In Technology,https://www.linkedin.com/sales/company/3129266,IT Services and IT Consulting,57
Cambay Solutions,https://www.linkedin.com/sales/company/80807231,IT Services and IT Consulting,118
VMware Tanzu,https://www.linkedin.com/sales/company/64896057,IT Services and IT Consulting,142
Cisco DevNet,https://www.linkedin.com/sales/company/35452600,Computer Networking,75
Streamline,https://www.linkedin.com/sales/company/66326452,IT Services and IT Consulting,126
Sprout,https://www.linkedin.com/sales/company/7959815,IT Services and IT Consulting,179
Enhance IT,https://www.linkedin.com/sales/company/51692870,IT Services and IT Consulting,95
Accubits Technologies Inc,https://www.linkedin.com/sales/company/2829393,IT Services and IT Consulting,103
"DecisivEdge, LLC",https://www.linkedin.com/sales/company/2785288,Information Technology & Services,87
Alert Logic,https://www.linkedin.com/sales/company/25756,Computer and Network Security,173
"Sterling 5, Inc.",https://www.linkedin.com/sales/company/40882320,Information Technology & Services,62
Cycode,https://www.linkedin.com/sales/company/40789623,Computer and Network Security,161
Numero Data,https://www.linkedin.com/sales/company/10520445,IT Services and IT Consulting,62
Nerdery,https://www.linkedin.com/sales/company/293443,IT Services and IT Consulting,183
Integriti,https://www.linkedin.com/sales/company/28608527,IT Services and IT Consulting,84
IMR Soft LLC,https://www.linkedin.com/sales/company/28762232,Information Technology & Services,106
Innocito,https://www.linkedin.com/sales/company/89733261,IT Services and IT Consulting,152
Binmile,https://www.linkedin.com/sales/company/13250520,IT Services and IT Consulting,193
ExpansionJS,https://www.linkedin.com/sales/company/72637076,Information Technology & Services,63
Momento USA LLC,https://www.linkedin.com/sales/company/1939771,IT Services and IT Consulting,87
PCS Global Tech,https://www.linkedin.com/sales/company/6461731,IT Services and IT Consulting,60
VMware User Group (VMUG),https://www.linkedin.com/sales/company/1154966,IT Services and IT Consulting,111
"Amtex Enterprises, Inc ( For More jobs, Visit https://amtexenterprises.com/current-opportunities/)",https://www.linkedin.com/sales/company/98700,Information Technology & Services,143
iland (11:11 Systems),https://www.linkedin.com/sales/company/203905,IT Services and IT Consulting,77
Courser,https://www.linkedin.com/sales/company/101128858,IT Services and IT Consulting,80
DigitalGlobe,https://www.linkedin.com/sales/company/7511,IT Services and IT Consulting,176
PALNAR,https://www.linkedin.com/sales/company/10298482,IT Services and IT Consulting,81
Kolter Solutions,https://www.linkedin.com/sales/company/2398500,Information Technology & Services,70
Bitsol,https://www.linkedin.com/sales/company/10151323,IT Services and IT Consulting,84
"Liventus, Inc.",https://www.linkedin.com/sales/company/514883,IT Services and IT Consulting,196
"ITMC Systems, Inc",https://www.linkedin.com/sales/company/14599054,IT Services and IT Consulting,165
New Resources Consulting,https://www.linkedin.com/sales/company/13076,IT Services and IT Consulting,147
SYSTEMTEC,https://www.linkedin.com/sales/company/108093,IT Services and IT Consulting,117
Cloudstrats,https://www.linkedin.com/sales/company/3602025,IT Services and IT Consulting,139
LMTEQ,https://www.linkedin.com/sales/company/30875227,IT Services and IT Consulting,85
Illumination Works,https://www.linkedin.com/sales/company/748762,IT Services and IT Consulting,111
André,https://www.linkedin.com/sales/company/15216417,IT Services and IT Consulting,52
Morton,https://www.linkedin.com/sales/company/214361,IT Services and IT Consulting,103
Crescens Inc.,https://www.linkedin.com/sales/company/2601226,IT Services and IT Consulting,73
Altysys,https://www.linkedin.com/sales/company/81594895,IT Services and IT Consulting,63
Cloud Space LLC,https://www.linkedin.com/sales/company/76507853,IT Services and IT Consulting,81
CRG Solutions,https://www.linkedin.com/sales/company/85427481,IT Services and IT Consulting,184
Daitan Group,https://www.linkedin.com/sales/company/20787,IT Services and IT Consulting,112
"Hive Pro, Inc.",https://www.linkedin.com/sales/company/30191918,Computer and Network Security,99
Spotlight Inc.,https://www.linkedin.com/sales/company/356094,IT Services and IT Consulting,101
INRY,https://www.linkedin.com/sales/company/1899622,IT Services and IT Consulting,97
AI Data Innovations,https://www.linkedin.com/sales/company/18465000,Information Technology & Services,57
Saviance,https://www.linkedin.com/sales/company/1250658,IT Services and IT Consulting,124
avertra,https://www.linkedin.com/sales/company/1857764,IT Services and IT Consulting,187
Axe Consultancy Services LLC,https://www.linkedin.com/sales/company/96164451,IT Services and IT Consulting,52
Focaloid Technologies,https://www.linkedin.com/sales/company/2776963,IT Services and IT Consulting,153
Xcitium,https://www.linkedin.com/sales/company/86060194,Computer and Network Security,148
Silverspace Inc,https://www.linkedin.com/sales/company/71373471,IT Services and IT Consulting,159
Virtustream,https://www.linkedin.com/sales/company/472943,IT Services and IT Consulting,194
Mamsys World,https://www.linkedin.com/sales/company/2623352,IT Services and IT Consulting,168
Main Digital,https://www.linkedin.com/sales/company/18942103,IT Services and IT Consulting,63
InteliX Systems,https://www.linkedin.com/sales/company/91626670,IT Services and IT Consulting,51
Element Technologies,https://www.linkedin.com/sales/company/142672,Information Technology & Services,116
"Intellectyx, Inc.",https://www.linkedin.com/sales/company/2287440,IT Services and IT Consulting,112
SAPSOL Technologies Inc. : Systems and Process Solutions for your Enterprise,https://www.linkedin.com/sales/company/961273,IT Services and IT Consulting,155
Globex Digital,https://www.linkedin.com/sales/company/13283051,IT Services and IT Consulting,111
Magna Technology Group,https://www.linkedin.com/sales/company/11263352,Information Technology & Services,81
Plumlogix (MBE Salesforce Partner),https://www.linkedin.com/sales/company/11004275,IT Services and IT Consulting,68
Links Technology Solutions,https://www.linkedin.com/sales/company/69732,IT Services and IT Consulting,88
AlphaBOLD,https://www.linkedin.com/sales/company/18404923,IT Services and IT Consulting,147
Interapt,https://www.linkedin.com/sales/company/2319299,IT Services and IT Consulting,79
Infinite Computing Systems,https://www.linkedin.com/sales/company/52136,Information Technology & Services,194
Converted,https://www.linkedin.com/sales/company/33242098,IT Services and IT Consulting,73
Stockell Consulting,https://www.linkedin.com/sales/company/39659,IT Services and IT Consulting,56
Analytica,https://www.linkedin.com/sales/company/889902,IT Services and IT Consulting,159
CloudHesive,https://www.linkedin.com/sales/company/3841081,IT Services and IT Consulting,154
Digital Convergence Technologies Inc.,https://www.linkedin.com/sales/company/13207301,IT Services and IT Consulting,197
Teleion,https://www.linkedin.com/sales/company/224833,IT Services and IT Consulting,151
"RangeForce, a Cyberbit company",https://www.linkedin.com/sales/company/9289194,Computer and Network Security,50
Beazley Security,https://www.linkedin.com/sales/company/18260716,Computer and Network Security,174
"Spyglass MTG, LLC.",https://www.linkedin.com/sales/company/35472576,Information Technology & Services,52
Hitachi Cyber,https://www.linkedin.com/sales/company/11183740,Information Technology & Services,189
VITS Consulting Corp,https://www.linkedin.com/sales/company/16192828,Information Technology & Services,142
"I.T. Solutions, Inc.",https://www.linkedin.com/sales/company/2610793,IT Services and IT Consulting,117
Aptimized,https://www.linkedin.com/sales/company/5022019,IT Services and IT Consulting,83
Byldd,https://www.linkedin.com/sales/company/64850499,IT Services and IT Consulting,85
DPP Tech,https://www.linkedin.com/sales/company/136088,IT Services and IT Consulting,65
