company_name,company_url,industry,city,state,country,employee_count,revenue,website
CGP,https://www.linkedin.com/sales/company/51107,,,,,,,https://redo.com/en/products/checkout-optimization-demo?utm_campaign=CHOP_Static+Image_North+America&utm_source=linkedin&utm_medium=paid&hsa_acc=512672604&hsa_cam=820780206&hsa_grp=520709996&hsa_ad=1058122856&hsa_net=linkedin&hsa_ver=3&li_fat_id=07b94f98-a4a3-4da9-9cc2-ac8f604cb6a3&hstk_network=linkedinAds&hstk_campaign=520709996&utm_campaign=New_MOFU_All%2BProducts&hstk_creative=1058122856&utm_medium=paid&utm_source=linkedin
DCH,https://www.linkedin.com/sales/company/30459,,,,,,,
MDE,https://www.linkedin.com/sales/company/598055,,,,,,,
LCA,https://www.linkedin.com/sales/company/29529,,,,,,,
ODS,https://www.linkedin.com/sales/company/7961,,,,,,,
Consultant and Lecturer,https://www.linkedin.com/sales/company/686098,,,,,,,
SofTECH,https://www.linkedin.com/sales/company/797207,,,,,,,
IDL,https://www.linkedin.com/sales/company/23145,,,,,,,
PHOEBE,https://www.linkedin.com/sales/company/146292,,,,,,,
TAO,https://www.linkedin.com/sales/company/38178,,,,,,,
MSAD,https://www.linkedin.com/sales/company/104667,,,,,,,
Acacia,https://www.linkedin.com/sales/company/35606,,,,,,,
Dialogic Communications Corp. (DCC),https://www.linkedin.com/sales/company/24377,,,,,,,
Vcare Call Centers India Private Limited,https://www.linkedin.com/sales/company/9319907,,,,,,,
"School District 33, West Chicago IL",https://www.linkedin.com/sales/company/1365048,,,,,,,
Nascote Industries Inc,https://www.linkedin.com/sales/company/4282806,,,,,,,
KCG,https://www.linkedin.com/sales/company/37669,,,,,,,
Search Engine,https://www.linkedin.com/sales/company/60590,,,,,,,
PDR,https://www.linkedin.com/sales/company/26457,,,,,,,
PDT,https://www.linkedin.com/sales/company/30174,,,,,,,
Avalon Technology,https://www.linkedin.com/sales/company/23537,,,,,,,
eGlobal,https://www.linkedin.com/sales/company/45721,,,,,,,
COSA,https://www.linkedin.com/sales/company/32241,,,,,,,
Farmington School District,https://www.linkedin.com/sales/company/432280,,,,,,,
"Gci Science &Technology Co., Ltd.",https://www.linkedin.com/sales/company/9199172,,,,,,,
Srilankan Airline,https://www.linkedin.com/sales/company/6198966,,,,,,,
Security Officers,https://www.linkedin.com/sales/company/267835,,,,,,,
Dunno,https://www.linkedin.com/sales/company/9521985,,,,,,,
Actively looking,https://www.linkedin.com/sales/company/1581870,,,,,,,
US Military Police,https://www.linkedin.com/sales/company/8039655,,,,,,,
Save A Lot Grocery,https://www.linkedin.com/sales/company/4283466,,,,,,,
Bilo Grocery Store,https://www.linkedin.com/sales/company/4191385,,,,,,,
Tudors Biscuit World,https://www.linkedin.com/sales/company/8295764,,,,,,,
WINS,https://www.linkedin.com/sales/company/66035,,,,,,,
FD.io,https://www.linkedin.com/sales/company/18034589,,,,,,,
Tfl Transport,https://www.linkedin.com/sales/company/4136525,,,,,,,
Tri-State,https://www.linkedin.com/sales/company/96941,,,,,,,
SLP,https://www.linkedin.com/sales/company/2457001,,,,,,,
Minooka CCSD #201,https://www.linkedin.com/sales/company/688762,,,,,,,
Computer Associates,https://www.linkedin.com/sales/company/30627168,,,,,,,
Memorial Hermann Hospital,https://www.linkedin.com/sales/company/6927961,,,,,,,
DFV,https://www.linkedin.com/sales/company/136871,,,,,,,
Double Tree Hotel,https://www.linkedin.com/sales/company/5852026,,,,,,,
Gas Stations,https://www.linkedin.com/sales/company/4548965,,,,,,,
Hollyday Inn,https://www.linkedin.com/sales/company/5449885,,,,,,,
Morgan County Schools,https://www.linkedin.com/sales/company/6898483,,,,,,,
PASI,https://www.linkedin.com/sales/company/105015,,,,,,,
Rk Enterprises,https://www.linkedin.com/sales/company/4109353,,,,,,,
Cyber Caffe,https://www.linkedin.com/sales/company/4289242,,,,,,,
Dunder Mifflin Inc.,https://www.linkedin.com/sales/company/29296435,,,,,,,
Arizona Mentor,https://www.linkedin.com/sales/company/4328001,,,,,,,
PCUSA,https://www.linkedin.com/sales/company/1932646,,,,,,,
Sutter Medical Foundation,https://www.linkedin.com/sales/company/4444661,,,,,,,
Defense Finance & Accounting,https://www.linkedin.com/sales/company/5407575,,,,,,,
Mortgage Company,https://www.linkedin.com/sales/company/1445124,,,,,,,
Taco Johns,https://www.linkedin.com/sales/company/8687298,,,,,,,
Computer Village,https://www.linkedin.com/sales/company/8044268,,,,,,,
Narmada,https://www.linkedin.com/sales/company/20313632,,,,,,,
Bibb County Board Education,https://www.linkedin.com/sales/company/8175343,,,,,,,
Handy Andy,https://www.linkedin.com/sales/company/8476286,,,,,,,
Missouri Army Nat'l Guard,https://www.linkedin.com/sales/company/8956710,,,,,,,
Net Cafe,https://www.linkedin.com/sales/company/8845722,,,,,,,
Market Source LLC,https://www.linkedin.com/sales/company/8115161,,,,,,,
Kumon Math and Reading,https://www.linkedin.com/sales/company/6543771,,,,,,,
Computer Centre,https://www.linkedin.com/sales/company/5982800,,,,,,,
Today,https://www.linkedin.com/sales/company/9220,,,,,,,
Shang Hai,https://www.linkedin.com/sales/company/5430977,,,,,,,
Sturgis Public Schools,https://www.linkedin.com/sales/company/5665869,,,,,,,
Fort Campbell,https://www.linkedin.com/sales/company/5871874,,,,,,,
Septa,https://www.linkedin.com/sales/company/19207096,,,,,,,
Indepent Living Services,https://www.linkedin.com/sales/company/5972917,,,,,,,
eVSC,https://www.linkedin.com/sales/company/16170453,,,,,,,
Star Telecommunications Inc,https://www.linkedin.com/sales/company/5997053,,,,,,,
