name,title,location,company,metadata,profile_url
Manuel Contreras Casas,Director ZIX Corporation,"Monterrey, Nuevo León, Mexico",6 years 8 months in role 6 years 8 months in company,,"https://www.linkedin.com/sales/lead/ACwAAABsujMBE1z8dNqxgCWgmS-r_Rhgugrqjz8,NAME_SEARCH,F2Xv?_ntb=GjxlyypGQ%2FWyB4rgZdtQ9Q%3D%3D"
Anthony Bush,Network Operations Center Engineer ZIX Corporation,"Dallas, Texas, United States",22 years 6 months in role 22 years 6 months in company,,"https://www.linkedin.com/sales/lead/ACwAAFoOsWgBd-JfldBDs_oNXfn5VKGk0q0qF_c,OUT_OF_NETWORK,Rzic?_ntb=GjxlyypGQ%2FWyB4rgZdtQ9Q%3D%3D"
TATIANA BUITRAGO L,Coordinadora de operaciones ZIX Corporation,Colombia,5 years 7 months in role 5 years 7 months in company,,"https://www.linkedin.com/sales/lead/ACwAABKW7c8Bion7ououp5zCjev45pPLf9oH0Y0,NAME_SEARCH,Oglk?_ntb=GjxlyypGQ%2FWyB4rgZdtQ9Q%3D%3D"
Eddy Vargas,Tradeshow Event Manager & Business Development ZIX Corporation,Miami-Fort Lauderdale Area,7 years 9 months in role 7 years 9 months in company,,"https://www.linkedin.com/sales/lead/ACwAABpudcIBpQB7WO0nszPSxxoYkEhnWdDbaXE,NAME_SEARCH,IjIe?_ntb=GjxlyypGQ%2FWyB4rgZdtQ9Q%3D%3D"
Andrés Contreras Toro,Senior Supply Chain Specialist ZIX Corporation,"Madrid, Community of Madrid, Spain",4 years 2 months in role 4 years 2 months in company,,"https://www.linkedin.com/sales/lead/ACwAABDohLUBMadTu0hZrYwb4pDBy2juA1N_-So,NAME_SEARCH,xrHr?_ntb=GjxlyypGQ%2FWyB4rgZdtQ9Q%3D%3D"
Freddy Tovar,Logistics Coordinator - Internal USA Sales ZIX Corporation,"Fort Lauderdale, Florida, United States",8 years 6 months in role 8 years 6 months in company,,"https://www.linkedin.com/sales/lead/ACwAAATX0-MBZyuuVgEpVk0ER5ZamfnwqDlW_PU,NAME_SEARCH,2D1R?_ntb=GjxlyypGQ%2FWyB4rgZdtQ9Q%3D%3D"
Yuraima R Guevara,Logistics Coordinator – Art Basel ZIX Corporation,"Fort Lauderdale, Florida, United States",10 years 5 months in role 10 years 5 months in company,,"https://www.linkedin.com/sales/lead/ACwAAAS8uuAByeIS1qI2voUiqi8L0oFve2J1vL8,NAME_SEARCH,5f_g?_ntb=GjxlyypGQ%2FWyB4rgZdtQ9Q%3D%3D"
Diego Veira,Email Security Advisor at Zix ZIX Corporation,Greater Boston,6 years 6 months in role 6 years 6 months in company,,"https://www.linkedin.com/sales/lead/ACwAAC209P8BCJCkl73p646ae8iQlivJCDrniWQ,NAME_SEARCH,jsK6?_ntb=GjxlyypGQ%2FWyB4rgZdtQ9Q%3D%3D"
Monica Cruz,International Operations Manager ZIX Corporation,"Duitama, Boyacá, Colombia",in role in company,,"https://www.linkedin.com/sales/lead/ACwAAGA8OiABN_l1NbkZjTeo-vRSMrKgcThxpQM,OUT_OF_NETWORK,hmRG?_ntb=GjxlyypGQ%2FWyB4rgZdtQ9Q%3D%3D"
Laura Ardila,Logistics & Shipping Manager Zix Corporation,"Burbank, California, United States",15 years 9 months in role 15 years 9 months in company,,"https://www.linkedin.com/sales/lead/ACwAABNAzLcBbcGYAX0Bzw80Y5zR5D_HeR9JxaY,OUT_OF_NETWORK,GbXb?_ntb=GjxlyypGQ%2FWyB4rgZdtQ9Q%3D%3D"
Jairo Ramirez,Warehose ZIX Corporation,"Miami, Florida, United States",in role in company,,"https://www.linkedin.com/sales/lead/ACwAAEpCiE0B1m3wa02Z4tTzL1bUeIe6Ke_KEWo,OUT_OF_NETWORK,akJq?_ntb=GjxlyypGQ%2FWyB4rgZdtQ9Q%3D%3D"
jennavy aguiar,Warehouse Manager ZIX Corporation,"Miami, Florida, United States",in role in company,,"https://www.linkedin.com/sales/lead/ACwAAE7gTi4BOjMOyUd7SAUB-3lYHKyZGMRyKU0,OUT_OF_NETWORK,vI5s?_ntb=GjxlyypGQ%2FWyB4rgZdtQ9Q%3D%3D"
Harris Harris,Corporate Paralegal ZIX Corporation,"Dallas, Texas, United States",33 years 11 months in role 33 years 11 months in company,,"https://www.linkedin.com/sales/lead/ACwAADDA5XkBR8eHY-p9b2tVQK4NPycvUIGUk_0,OUT_OF_NETWORK,jwKR?_ntb=GjxlyypGQ%2FWyB4rgZdtQ9Q%3D%3D"
Paul Toribio,Warehouse Associate ZIX Corporation,"Hollywood, Florida, United States",in role in company,,"https://www.linkedin.com/sales/lead/ACwAADHX9xkBtV1xNpBGiubRvjSVv2EG4Y2D9VY,OUT_OF_NETWORK,VPbp?_ntb=GjxlyypGQ%2FWyB4rgZdtQ9Q%3D%3D"
Daniel Wilcher,Warehouse Worker ZIX Corporation,"Miami, Florida, United States",in role in company,,"https://www.linkedin.com/sales/lead/ACwAAFE3VGEBFKeYK7xGsQ0wL_hakugEcqmJPvU,OUT_OF_NETWORK,_TLy?_ntb=GjxlyypGQ%2FWyB4rgZdtQ9Q%3D%3D"
Soraida Casallas corredor,Auxiliar administrativo ZIX Corporation,"Naples, Florida, United States",in role in company,,"https://www.linkedin.com/sales/lead/ACwAAEABnpgBYv7VT1NN_vrJxp9Qfit1aDoqCYs,OUT_OF_NETWORK,yYHH?_ntb=GjxlyypGQ%2FWyB4rgZdtQ9Q%3D%3D"
Carlos Viera,Operador de carretilla elevadora ZIX Corporation,"Homestead, Florida, United States",in role in company,,"https://www.linkedin.com/sales/lead/ACwAAFGDErUB1cKq-nbXIST7znTMOniPJ2eWSO0,OUT_OF_NETWORK,vF-N?_ntb=GjxlyypGQ%2FWyB4rgZdtQ9Q%3D%3D"
Ariel Garcia,CDL A Truck Driver ZIX Corporation,"Miami, Florida, United States",in role in company,,"https://www.linkedin.com/sales/lead/ACwAAF3YqVQBt7v99IpHZA7XLyi2Tcydpz2Qpa4,OUT_OF_NETWORK,7cDv?_ntb=GjxlyypGQ%2FWyB4rgZdtQ9Q%3D%3D"
